{"position": [-0.9, 0.0148419647, -1.4986639114, 0.9, 0.0148419647, -1.4986639114, 0.9, 1.8148419647, -1.4986639114, -1.15, 0.0001, 0.7963103975, 1.15, 0.0001, 0.7963103975, 1.15, 0.0001, -1.5036896025, -0.9, 0.0148419647, -1.4986639114, 0.9, 1.8148419647, -1.4986639114, -0.9, 1.8148419647, -1.4986639114, -1.15, 0.0001, 0.7963103975, 1.15, 0.0001, -1.5036896025, -1.15, 0.0001, -1.5036896025], "normal": [-0.0, -0.0, 1.0, -0.0, -0.0, 1.0, -0.0, -0.0, 1.0, -0.0, 1.0, 0.0, -0.0, 1.0, 0.0, -0.0, 1.0, 0.0, -0.0, -0.0, 1.0, -0.0, -0.0, 1.0, -0.0, -0.0, 1.0, -0.0, 1.0, 0.0, -0.0, 1.0, 0.0, -0.0, 1.0, 0.0], "uv": [0.0, 0.0, 1.0, 0.0, 1.0, 1.0, 0.0, 0.0, 1.0, 0.0, 1.0, 1.0, 0.0, 0.0, 1.0, 1.0, 0.0, 1.0, 0.0, 0.0, 1.0, 1.0, 0.0, 1.0]}