{"position": [-2.5, 0.0, -1.5, -2.5, 0.0, 1.5, 2.5, 0.0, 1.5, -2.5, 0.0, -1.5, 2.5, 0.0, 1.5, 2.5, 0.0, -1.5], "normal": [-0.0, 1.0, 0.0, -0.0, 1.0, 0.0, -0.0, 1.0, 0.0, -0.0, 1.0, 0.0, -0.0, 1.0, 0.0, -0.0, 1.0, 0.0], "uv": [0.0016700791, 0.3095424175, 0.0016700791, 0.0049751997, 0.5092821121, 0.0049751997, 0.0016700791, 0.3095424175, 0.5092821121, 0.0049751997, 0.5092821121, 0.3095424175], "uv2": [0.0016700791, 0.3095424175, 0.0016700791, 0.0049751997, 0.5092821121, 0.0049751997, 0.0016700791, 0.3095424175, 0.5092821121, 0.0049751997, 0.5092821121, 0.3095424175]}