{"position": [-0.2822204, 1.8193841993, 1.4732939456, 0.2822204, 1.8193841993, 1.4732939456, 0.2822204, 1.8382554022, 1.4732939456, 0.2822204, 1.8193841993, 1.4732939456, 0.2822204, 1.8193841993, -1.4732939456, 0.2822204, 1.8382554022, -1.4732939456, 0.2822204, 1.8193841993, -1.4732939456, -0.2822204, 1.8193841993, -1.4732939456, -0.2822204, 1.8382554022, -1.4732939456, -0.2822204, 1.8193841993, -1.4732939456, -0.2822204, 1.8193841993, 1.4732939456, -0.2822204, 1.8382554022, 1.4732939456, -0.2822204, 1.8382554022, 1.4732939456, 0.2822204, 1.8382554022, 1.4732939456, 0.2822204, 1.8382554022, -1.4732939456, -0.2822204, 1.8193841993, -1.4732939456, 0.2822204, 1.8193841993, -1.4732939456, 0.2822204, 1.8193841993, 1.4732939456, -0.2822204, 1.8193841993, 1.4732939456, 0.2822204, 1.8382554022, 1.4732939456, -0.2822204, 1.8382554022, 1.4732939456, 0.2822204, 1.8193841993, 1.4732939456, 0.2822204, 1.8382554022, -1.4732939456, 0.2822204, 1.8382554022, 1.4732939456, 0.2822204, 1.8193841993, -1.4732939456, -0.2822204, 1.8382554022, -1.4732939456, 0.2822204, 1.8382554022, -1.4732939456, -0.2822204, 1.8193841993, -1.4732939456, -0.2822204, 1.8382554022, 1.4732939456, -0.2822204, 1.8382554022, -1.4732939456, -0.2822204, 1.8382554022, 1.4732939456, 0.2822204, 1.8382554022, -1.4732939456, -0.2822204, 1.8382554022, -1.4732939456, -0.2822204, 1.8193841993, -1.4732939456, 0.2822204, 1.8193841993, 1.4732939456, -0.2822204, 1.8193841993, 1.4732939456], "normal": [-0.0, -0.0, 1.0, -0.0, -0.0, 1.0, -0.0, -0.0, 1.0, 1.0, -0.0, 0.0, 1.0, -0.0, 0.0, 1.0, -0.0, 0.0, -0.0, -0.0, -1.0, -0.0, -0.0, -1.0, -0.0, -0.0, -1.0, -1.0, -0.0, 0.0, -1.0, -0.0, 0.0, -1.0, -0.0, 0.0, -0.0, 1.0, 0.0, -0.0, 1.0, 0.0, -0.0, 1.0, 0.0, -0.0, -1.0, 0.0, 0.0, -1.0, 0.0, -0.0, -1.0, 0.0, -0.0, -0.0, 1.0, -0.0, -0.0, 1.0, -0.0, -0.0, 1.0, 1.0, -0.0, 0.0, 1.0, -0.0, 0.0, 1.0, -0.0, 0.0, -0.0, -0.0, -1.0, -0.0, -0.0, -1.0, -0.0, -0.0, -1.0, -1.0, -0.0, 0.0, -1.0, -0.0, 0.0, -1.0, 0.0, 0.0, -0.0, 1.0, 0.0, -0.0, 1.0, 0.0, -0.0, 1.0, 0.0, -0.0, -1.0, 0.0, -0.0, -1.0, 0.0, -0.0, -1.0, 0.0], "uv": [0.0, 0.0, 1.0, 0.0, 1.0, 1.0, 0.0, 0.0, 1.0, 0.0, 1.0, 1.0, 0.0, 0.0, 1.0, 0.0, 1.0, 1.0, 0.0, 0.0, 1.0, 0.0, 1.0, 1.0, 0.0, 0.0, 1.0, 0.0, 1.0, 1.0, 0.0, 0.0, 1.0, 0.0, 1.0, 1.0, 0.0, 0.0, 1.0, 1.0, 0.0, 1.0, 0.0, 0.0, 1.0, 1.0, 0.0, 1.0, 0.0, 0.0, 1.0, 1.0, 0.0, 1.0, 0.0, 0.0, 1.0, 1.0, 0.0, 1.0, 0.0, 0.0, 1.0, 1.0, 0.0, 1.0, 0.0, 0.0, 1.0, 1.0, 0.0, 1.0]}