{"position": [-2.5, 1.8429420113, 1.5, -2.5, 1.8429420113, -1.5, 2.5, 1.8429420113, -1.5, 2.5, 0.0, 1.5, 2.5, 1.8429420113, 1.5, 2.5, 1.8429420113, -1.5, 2.5, 1.8429420113, -1.5, -2.5, 1.8429420113, -1.5, -2.5, 0.0, -1.5, -2.5, 0.0, -1.5, -2.5, 1.8429420113, -1.5, -2.5, 1.8429420113, 1.5, -2.5, 1.8429420113, 1.5, 2.5, 1.8429420113, 1.5, 2.5, 0.0, 1.5, -2.5, 1.8429420113, 1.5, 2.5, 1.8429420113, -1.5, 2.5, 1.8429420113, 1.5, 2.5, 0.0, 1.5, 2.5, 1.8429420113, -1.5, 2.5, 0.0, -1.5, 2.5, 1.8429420113, -1.5, -2.5, 0.0, -1.5, 2.5, 0.0, -1.5, -2.5, 0.0, -1.5, -2.5, 1.8429420113, 1.5, -2.5, 0.0, 1.5, -2.5, 1.8429420113, 1.5, 2.5, 0.0, 1.5, -2.5, 0.0, 1.5], "normal": [-0.0, -1.0, 0.0, -0.0, -1.0, 0.0, -0.0, -1.0, 0.0, -1.0, -0.0, 0.0, -1.0, -0.0, 0.0, -1.0, -0.0, 0.0, -0.0, -0.0, 1.0, -0.0, -0.0, 1.0, -0.0, -0.0, 1.0, 1.0, -0.0, 0.0, 1.0, -0.0, 0.0, 1.0, -0.0, 0.0, -0.0, -0.0, -1.0, -0.0, -0.0, -1.0, -0.0, -0.0, -1.0, -0.0, -1.0, 0.0, -0.0, -1.0, 0.0, -0.0, -1.0, 0.0, -1.0, -0.0, 0.0, -1.0, -0.0, 0.0, -1.0, -0.0, 0.0, -0.0, -0.0, 1.0, -0.0, -0.0, 1.0, -0.0, -0.0, 1.0, 1.0, -0.0, 0.0, 1.0, -0.0, 0.0, 1.0, -0.0, 0.0, -0.0, -0.0, -1.0, -0.0, -0.0, -1.0, -0.0, -0.0, -1.0], "uv": [0.1768071651, 0.8112300038, 0.1768071651, 0.506662786, 0.6519634724, 0.506662786, 0.827100575, 0.8112300038, 0.6519634724, 0.8112300038, 0.6519634724, 0.506662786, 0.6519634724, 0.506662786, 0.1768071651, 0.506662786, 0.17680718, 0.319562912, 0.0016700791, 0.506662786, 0.1768071651, 0.506662786, 0.1768071651, 0.8112300038, 0.1768071651, 0.8112300038, 0.6519634724, 0.8112300038, 0.6519634724, 0.9983299209, 0.1768071651, 0.8112300038, 0.6519634724, 0.506662786, 0.6519634724, 0.8112300038, 0.827100575, 0.8112300038, 0.6519634724, 0.506662786, 0.827100575, 0.506662786, 0.6519634724, 0.506662786, 0.17680718, 0.319562912, 0.6519634724, 0.319562912, 0.0016700791, 0.506662786, 0.1768071651, 0.8112300038, 0.0016700791, 0.8112300038, 0.1768071651, 0.8112300038, 0.6519634724, 0.9983299209, 0.17680718, 0.9983299209], "uv2": [0.1768071651, 0.8112300038, 0.1768071651, 0.506662786, 0.6519634724, 0.506662786, 0.827100575, 0.8112300038, 0.6519634724, 0.8112300038, 0.6519634724, 0.506662786, 0.6519634724, 0.506662786, 0.1768071651, 0.506662786, 0.17680718, 0.319562912, 0.0016700791, 0.506662786, 0.1768071651, 0.506662786, 0.1768071651, 0.8112300038, 0.1768071651, 0.8112300038, 0.6519634724, 0.8112300038, 0.6519634724, 0.9983299209, 0.1768071651, 0.8112300038, 0.6519634724, 0.506662786, 0.6519634724, 0.8112300038, 0.827100575, 0.8112300038, 0.6519634724, 0.506662786, 0.827100575, 0.506662786, 0.6519634724, 0.506662786, 0.17680718, 0.319562912, 0.6519634724, 0.319562912, 0.0016700791, 0.506662786, 0.1768071651, 0.8112300038, 0.0016700791, 0.8112300038, 0.1768071651, 0.8112300038, 0.6519634724, 0.9983299209, 0.17680718, 0.9983299209]}