{"position": [-43.2913671875, 0.057879343, -57.4186521941, 43.2913671875, 0.057879343, 5.6643574749, -43.2913671875, 0.057879343, 5.6643574749, -43.2913671875, 0.057879343, -57.4186521941, 43.2913671875, 0.057879343, -57.4186521941, 43.2913671875, 0.057879343, 5.6643574749], "normal": [-0.0, -1.0, -0.0, -0.0, -1.0, -0.0, -0.0, -1.0, -0.0, -0.0, -1.0, -0.0, -0.0, -1.0, -0.0, -0.0, -1.0, -0.0], "uv": [0.0, 1.0, 1.0, 0.5294208527, 0.0, 0.5294208527, 0.0, 1.0, 1.0, 1.0, 1.0, 0.5294208527]}