{"position": [0.0, 0.9999999923, 0.1755782845, 0.8660254478, 0.4999999625, 0.1755782627, 0.8660253882, -0.5000000673, 0.1755782189, 0.8660253882, -0.5000000541, -0.1250732121, 0.8660254478, 0.4999999757, -0.1250731684, 0.0, 1.0000000055, -0.1250731466, 0.8660254478, 0.4999999757, -0.1250731684, 0.8660254478, 0.4999999625, 0.1755782627, 0.0, 0.9999999923, 0.1755782845, 0.8660253882, -0.5000000541, -0.1250732121, 0.8660253882, -0.5000000673, 0.1755782189, 0.8660254478, 0.4999999625, 0.1755782627, 0.0, 1.0000000055, -0.1250731466, -0.8660254478, 0.4999999029, 0.1755782627, -0.8660254478, 0.4999999161, -0.1250731684, -8.74e-08, -0.9999999945, -0.125073234, 0.8660253882, -0.5000000673, 0.1755782189, 0.8660253882, -0.5000000541, -0.1250732121, -0.8660254478, -0.4999999051, -0.1250732121, -8.74e-08, -1.0000000077, 0.1755781971, -8.74e-08, -0.9999999945, -0.125073234, -0.8660254478, 0.4999999161, -0.1250731684, -0.8660254478, -0.4999999183, 0.1755782189, -0.8660254478, -0.4999999051, -0.1250732121, 0.8660253882, -0.5000000541, -0.1250732121, 0.8660254478, 0.4999999625, 0.1755782627, 0.8660254478, 0.4999999757, -0.1250731684, 0.8660254478, 0.4999999757, -0.1250731684, 0.0, 0.9999999923, 0.1755782845, 0.0, 1.0000000055, -0.1250731466, -0.8660254478, 0.4999999161, -0.1250731684, -0.8660254478, 0.4999999029, 0.1755782627, -0.8660254478, -0.4999999183, 0.1755782189, -0.8660254478, -0.4999999051, -0.1250732121, -0.8660254478, -0.4999999183, 0.1755782189, -8.74e-08, -1.0000000077, 0.1755781971, -8.74e-08, -0.9999999945, -0.125073234, -8.74e-08, -1.0000000077, 0.1755781971, 0.8660253882, -0.5000000673, 0.1755782189, 0.0, 1.0000000055, -0.1250731466, 0.0, 0.9999999923, 0.1755782845, -0.8660254478, 0.4999999029, 0.1755782627, 0.0, 0.9999999923, 0.1755782845, -8.74e-08, -1.0000000077, 0.1755781971, -0.8660254478, -0.4999999183, 0.1755782189, -0.8660254478, -0.4999999051, -0.1250732121, -8.74e-08, -0.9999999945, -0.125073234, 0.0, 1.0000000055, -0.1250731466, 0.0, 0.9999999923, 0.1755782845, -0.8660254478, -0.4999999183, 0.1755782189, -0.8660254478, 0.4999999029, 0.1755782627, -0.8660254478, -0.4999999051, -0.1250732121, 0.0, 1.0000000055, -0.1250731466, -0.8660254478, 0.4999999161, -0.1250731684, 0.0, 0.9999999923, 0.1755782845, 0.8660253882, -0.5000000673, 0.1755782189, -8.74e-08, -1.0000000077, 0.1755781971, 0.8660253882, -0.5000000541, -0.1250732121, 0.0, 1.0000000055, -0.1250731466, -8.74e-08, -0.9999999945, -0.125073234], "normal": [-0.1042571664, -0.5417363048, -0.8340576291, -0.8838834763, -0.3061861694, -0.3535533845, -0.603022635, 0.5222330093, -0.6030226946, -0.7537783384, 0.2611165047, 0.6030226946, -0.7071067691, -0.6123723984, 0.3535533845, 0.1042572409, -0.5417363048, 0.8340576291, -0.7071067691, -0.6123723984, 0.3535533845, -0.8838834763, -0.3061861694, -0.3535533845, -0.1042571664, -0.5417363048, -0.8340576291, -0.7537783384, 0.2611165047, 0.6030226946, -0.603022635, 0.5222330093, -0.6030226946, -0.8838834763, -0.3061861694, -0.3535533845, 0.1042572409, -0.5417363048, 0.8340576291, 0.7071067691, -0.6123723984, -0.3535533845, 0.8838834763, -0.3061861992, 0.3535533845, -0.1507555842, 0.7833494544, 0.6030226946, -0.603022635, 0.5222330093, -0.6030226946, -0.7537783384, 0.2611165047, 0.6030226946, 0.6030227542, 0.5222329497, 0.6030226946, 0.150755778, 0.7833494544, -0.6030226946, -0.1507555842, 0.7833494544, 0.6030226946, 0.8838834763, -0.3061861992, 0.3535533845, 0.7537783384, 0.2611164749, -0.6030226946, 0.6030227542, 0.5222329497, 0.6030226946, -0.7537783384, 0.2611165047, 0.6030226946, -0.8838834763, -0.3061861694, -0.3535533845, -0.7071067691, -0.6123723984, 0.3535533845, -0.7071067691, -0.6123723984, 0.3535533845, -0.1042571664, -0.5417363048, -0.8340576291, 0.1042572409, -0.5417363048, 0.8340576291, 0.8838834763, -0.3061861992, 0.3535533845, 0.7071067691, -0.6123723984, -0.3535533845, 0.7537783384, 0.2611164749, -0.6030226946, 0.6030227542, 0.5222329497, 0.6030226946, 0.7537783384, 0.2611164749, -0.6030226946, 0.150755778, 0.7833494544, -0.6030226946, -0.1507555842, 0.7833494544, 0.6030226946, 0.150755778, 0.7833494544, -0.6030226946, -0.603022635, 0.5222330093, -0.6030226946, 0.1042572409, -0.5417363048, 0.8340576291, -0.1042571664, -0.5417363048, -0.8340576291, 0.7071067691, -0.6123723984, -0.3535533845, -0.1042571664, -0.5417363048, -0.8340576291, 0.150755778, 0.7833494544, -0.6030226946, 0.7537783384, 0.2611164749, -0.6030226946, 0.6030227542, 0.5222329497, 0.6030226946, -0.1507555842, 0.7833494544, 0.6030226946, 0.1042572409, -0.5417363048, 0.8340576291, -0.1042571664, -0.5417363048, -0.8340576291, 0.7537783384, 0.2611164749, -0.6030226946, 0.7071067691, -0.6123723984, -0.3535533845, 0.6030227542, 0.5222329497, 0.6030226946, 0.1042572409, -0.5417363048, 0.8340576291, 0.8838834763, -0.3061861992, 0.3535533845, -0.1042571664, -0.5417363048, -0.8340576291, -0.603022635, 0.5222330093, -0.6030226946, 0.150755778, 0.7833494544, -0.6030226946, -0.7537783384, 0.2611165047, 0.6030226946, 0.1042572409, -0.5417363048, 0.8340576291, -0.1507555842, 0.7833494544, 0.6030226946], "uv": [1.0, 0.9003257155, 0.8333332539, 0.9003257155, 0.6666666269, 0.9003257155, 0.6666666269, 0.5996742845, 0.8333332539, 0.5996742845, 1.0, 0.5996742845, 0.8333332539, 0.5996742845, 0.8333332539, 0.9003257155, 1.0, 0.9003257155, 0.6666666269, 0.5996742845, 0.6666666269, 0.9003257155, 0.8333332539, 0.9003257155, -8.94e-08, 0.5996742249, 0.1666665673, 0.9003257751, 0.1666665673, 0.5996742845, 0.4999999404, 0.5996742845, 0.6666666269, 0.9003257155, 0.6666666269, 0.5996742845, 0.3333332539, 0.5996742249, 0.4999999404, 0.9003257155, 0.4999999404, 0.5996742845, 0.1666665673, 0.5996742845, 0.3333332539, 0.9003257155, 0.3333332539, 0.5996742249, 0.6666666269, 0.5996742845, 0.8333332539, 0.9003257155, 0.8333332539, 0.5996742845, 0.8333332539, 0.5996742845, 1.0, 0.9003257155, 1.0, 0.5996742845, 0.1666665673, 0.5996742845, 0.1666665673, 0.9003257751, 0.3333332539, 0.9003257155, 0.3333332539, 0.5996742249, 0.3333332539, 0.9003257155, 0.4999999404, 0.9003257155, 0.4999999404, 0.5996742845, 0.4999999404, 0.9003257155, 0.6666666269, 0.9003257155, -8.94e-08, 0.5996742249, -8.94e-08, 0.9003257155, 0.1666665673, 0.9003257751, 1.0, 0.9003257155, 0.4999999404, 0.9003257155, 0.3333332539, 0.9003257155, 0.3333332539, 0.5996742249, 0.4999999404, 0.5996742845, 1.0, 0.5996742845, 1.0, 0.9003257155, 0.3333332539, 0.9003257155, 0.1666665673, 0.9003257751, 0.3333332539, 0.5996742249, 1.0, 0.5996742845, 0.1666665673, 0.5996742845, 1.0, 0.9003257155, 0.6666666269, 0.9003257155, 0.4999999404, 0.9003257155, 0.6666666269, 0.5996742845, 1.0, 0.5996742845, 0.4999999404, 0.5996742845]}