{"position": [0.0, 0.9999999923, 0.1755782845, -0.8660254478, 0.4999999029, 0.1755782627, -0.8660254478, -0.4999999183, 0.1755782189, 0.8660253882, -0.5000000541, -0.1250732121, -8.74e-08, -0.9999999945, -0.125073234, 0.0, 1.0000000055, -0.1250731466, 0.8660254478, 0.4999999757, -0.1250731684, 0.0, 0.9999999923, 0.1755782845, 0.8660254478, 0.4999999625, 0.1755782627, 0.8660253882, -0.5000000541, -0.1250732121, 0.8660254478, 0.4999999625, 0.1755782627, 0.8660253882, -0.5000000673, 0.1755782189, 0.0, 1.0000000055, -0.1250731466, -0.8660254478, 0.4999999161, -0.1250731684, -0.8660254478, 0.4999999029, 0.1755782627, -8.74e-08, -0.9999999945, -0.125073234, 0.8660253882, -0.5000000541, -0.1250732121, 0.8660253882, -0.5000000673, 0.1755782189, -0.8660254478, -0.4999999051, -0.1250732121, -8.74e-08, -0.9999999945, -0.125073234, -8.74e-08, -1.0000000077, 0.1755781971, -0.8660254478, 0.4999999161, -0.1250731684, -0.8660254478, -0.4999999051, -0.1250732121, -0.8660254478, -0.4999999183, 0.1755782189, 0.8660253882, -0.5000000541, -0.1250732121, 0.8660254478, 0.4999999757, -0.1250731684, 0.8660254478, 0.4999999625, 0.1755782627, 0.8660254478, 0.4999999757, -0.1250731684, 0.0, 1.0000000055, -0.1250731466, 0.0, 0.9999999923, 0.1755782845, -0.8660254478, 0.4999999161, -0.1250731684, -0.8660254478, -0.4999999183, 0.1755782189, -0.8660254478, 0.4999999029, 0.1755782627, -0.8660254478, -0.4999999051, -0.1250732121, -8.74e-08, -1.0000000077, 0.1755781971, -0.8660254478, -0.4999999183, 0.1755782189, -8.74e-08, -0.9999999945, -0.125073234, 0.8660253882, -0.5000000673, 0.1755782189, -8.74e-08, -1.0000000077, 0.1755781971, 0.0, 1.0000000055, -0.1250731466, -0.8660254478, 0.4999999029, 0.1755782627, 0.0, 0.9999999923, 0.1755782845, 0.0, 0.9999999923, 0.1755782845, -8.74e-08, -1.0000000077, 0.1755781971, 0.8660253882, -0.5000000673, 0.1755782189, -0.8660254478, -0.4999999051, -0.1250732121, -0.8660254478, 0.4999999161, -0.1250731684, 0.0, 1.0000000055, -0.1250731466, 0.0, 0.9999999923, 0.1755782845, 0.8660253882, -0.5000000673, 0.1755782189, 0.8660254478, 0.4999999625, 0.1755782627, -0.8660254478, -0.4999999051, -0.1250732121, 0.0, 1.0000000055, -0.1250731466, -8.74e-08, -0.9999999945, -0.125073234, 0.0, 0.9999999923, 0.1755782845, -0.8660254478, -0.4999999183, 0.1755782189, -8.74e-08, -1.0000000077, 0.1755781971, 0.8660253882, -0.5000000541, -0.1250732121, 0.0, 1.0000000055, -0.1250731466, 0.8660254478, 0.4999999757, -0.1250731684], "normal": [-0.0, -0.0, 1.0, -0.0, -0.0, 1.0, -0.0, -0.0, 1.0, -0.0, -0.0, -1.0, -0.0, -0.0, -1.0, -0.0, -0.0, -1.0, 0.5, 0.8660255075, 0.0, 0.5, 0.8660255075, 0.0, 0.4999999404, 0.8660253882, -0.0, 1.0, -5.96e-08, 0.0, 1.0, -5.96e-08, 0.0, 1.0, -5.96e-08, 0.0, -0.5000000596, 0.8660253882, 0.0, -0.5000000596, 0.8660253882, 0.0, -0.5000000596, 0.8660253882, 0.0, 0.4999999702, -0.8660255075, 0.0, 0.4999999106, -0.8660253882, 0.0, 0.4999999702, -0.8660255075, 0.0, -0.5000001192, -0.8660253882, 0.0, -0.5000001192, -0.8660253882, 0.0, -0.5000001192, -0.8660253882, 0.0, -1.0, -0.0, 0.0, -1.0, -0.0, 0.0, -1.0, -0.0, 0.0, 1.0, -5.96e-08, 0.0, 1.0, -5.96e-08, 0.0, 1.0, -5.96e-08, 0.0, 0.5, 0.8660255075, 0.0, 0.4999999404, 0.8660253882, 0.0, 0.5, 0.8660255075, 0.0, -1.0, -0.0, 0.0, -1.0, -0.0, 0.0, -1.0, -0.0, 0.0, -0.5000001192, -0.8660253882, 0.0, -0.5000001192, -0.8660253882, 0.0, -0.5000001192, -0.8660253882, 0.0, 0.4999999702, -0.8660255075, 0.0, 0.4999999702, -0.8660255075, 0.0, 0.4999999106, -0.8660253882, 0.0, -0.5000000596, 0.8660253882, 0.0, -0.5000000596, 0.8660253882, 0.0, -0.5000000596, 0.8660253882, 0.0, -0.0, -0.0, 1.0, -0.0, -0.0, 1.0, -0.0, -0.0, 1.0, -0.0, -0.0, -1.0, -0.0, -0.0, -1.0, -0.0, -0.0, -1.0, -0.0, -0.0, 1.0, -0.0, -0.0, 1.0, -0.0, -0.0, 1.0, -0.0, -0.0, -1.0, -0.0, -0.0, -1.0, -0.0, -0.0, -1.0, -0.0, -0.0, 1.0, -0.0, -0.0, 1.0, -0.0, -0.0, 1.0, -0.0, -0.0, -1.0, -0.0, -0.0, -1.0, -0.0, -0.0, -1.0], "uv": [1.0, 0.9003257155, 0.1666665673, 0.9003257751, 0.3333332539, 0.9003257155, 0.6666666269, 0.5996742845, 0.4999999404, 0.5996742845, 1.0, 0.5996742845, 0.8333332539, 0.5996742845, 1.0, 0.9003257155, 0.8333332539, 0.9003257155, 0.6666666269, 0.5996742845, 0.8333332539, 0.9003257155, 0.6666666269, 0.9003257155, -8.94e-08, 0.5996742249, 0.1666665673, 0.5996742845, 0.1666665673, 0.9003257751, 0.4999999404, 0.5996742845, 0.6666666269, 0.5996742845, 0.6666666269, 0.9003257155, 0.3333332539, 0.5996742249, 0.4999999404, 0.5996742845, 0.4999999404, 0.9003257155, 0.1666665673, 0.5996742845, 0.3333332539, 0.5996742249, 0.3333332539, 0.9003257155, 0.6666666269, 0.5996742845, 0.8333332539, 0.5996742845, 0.8333332539, 0.9003257155, 0.8333332539, 0.5996742845, 1.0, 0.5996742845, 1.0, 0.9003257155, 0.1666665673, 0.5996742845, 0.3333332539, 0.9003257155, 0.1666665673, 0.9003257751, 0.3333332539, 0.5996742249, 0.4999999404, 0.9003257155, 0.3333332539, 0.9003257155, 0.4999999404, 0.5996742845, 0.6666666269, 0.9003257155, 0.4999999404, 0.9003257155, -8.94e-08, 0.5996742249, 0.1666665673, 0.9003257751, -8.94e-08, 0.9003257155, 1.0, 0.9003257155, 0.4999999404, 0.9003257155, 0.6666666269, 0.9003257155, 0.3333332539, 0.5996742249, 0.1666665673, 0.5996742845, 1.0, 0.5996742845, 1.0, 0.9003257155, 0.6666666269, 0.9003257155, 0.8333332539, 0.9003257155, 0.3333332539, 0.5996742249, 1.0, 0.5996742845, 0.4999999404, 0.5996742845, 1.0, 0.9003257155, 0.3333332539, 0.9003257155, 0.4999999404, 0.9003257155, 0.6666666269, 0.5996742845, 1.0, 0.5996742845, 0.8333332539, 0.5996742845]}